Simplified,Traditional,Status,Interval
便宜,便宜,strong,43.705473
笔,筆,strong,151.223504
颜色,顏色,strong,65.137358
长,長,strong,128.488613
件,件,strong,131.408319
分,分,strong,192.058555
合适,合適,strong,18.499039
不用,不用,strong,112.725078
短,短,strong,23.790109
条,條,strong,196.621631
裤子,褲子,strong,198.246564
售货员,售貨員,strong,44.262517
衬衫,襯衫,strong,138.507728
开始,開始,strong,125.377026
椅子,椅子,strong,135.012086
容易,容易,strong,85.605211
桌子,桌子,strong,268.919513
做,做,memorized,0.0
复习,復習,strong,206.194386
点,點,memorized,0.0
篇,篇,strong,59.158538
唱,唱,strong,18.747375
丈夫,丈夫,strong,266.737179
多,多,strong,278.297893
对不起,對不起,memorized,6.866495
方便,方便,weak,6.92213
语法,語法,strong,164.070829
打,打,strong,151.997743
啊,啊,memorized,0.0
农民,農民,strong,8.013033
热,熱,strong,251.320875
三,三,memorized,0.0
教室,教室,strong,97.073908
德国,德國,strong,57.297264
护士,護士,strong,128.895691
电,電,strong,255.483828
用,用,strong,143.591456
哪,哪,strong,265.244092
晚,晚,strong,165.192733
喜欢,喜歡,strong,291.90167
五,五,memorized,32.0
专业,專業,strong,80.978946
教授,教授,strong,58.140417
四,四,memorized,0.0
枝,枝,strong,88.864046
录音,錄音,strong,16.458364
小,小,strong,252.377202
正在,正在,strong,161.802618
大家,大家,strong,152.864021
进,進,strong,115.637254
今天,今天,memorized,33.0
星期四,星期四,memorized,0.0
有意思,有意思,strong,126.41813
孩子,孩子,strong,230.922336
课,課,strong,199.768819
球,球,strong,112.487256
中国,中國,memorized,31.0
几,幾,strong,253.819838
汉子,漢子,strong,87.092329
聊,聊,strong,254.341234
爱,愛,strong,87.952239
这么,這麼,strong,14.580128
宿舍,宿舍,strong,9.032861
女,女,memorized,0.0
一,一,memorized,30.0
念,念,strong,44.534351
西班牙文,西班牙文,strong,102.784448
苹果,蘋果,strong,173.311475
怎么,怎麼,strong,251.56938
我,我,strong,256.537723
呢,呢,strong,270.503128
钱,錢,strong,31.102815
日文,日文,strong,213.092547
玩儿,玩兒,strong,270.845756
电话,電話,strong,31.42082
雪碧,雪碧,strong,106.192639
可乐,可樂,strong,171.313635
已经,已經,strong,155.509162
认识,認識,strong,266.248398
封,封,strong,17.16146
住,住,strong,139.513214
发音,發音,strong,131.621552
去,去,strong,297.305414
饭店,飯店,strong,18.552021
脑,腦,strong,118.979298
学期,學期,strong,92.97372
能,能,strong,258.183835
夏威夷,夏威夷,strong,70.928471
课文,課文,strong,107.97126
早,早,strong,160.766381
语言学,語言學,strong,15.621943
回,回,strong,284.088653
工程师,工程師,strong,81.535625
听,聽,strong,258.3101
衣服,衣服,strong,266.036127
教,教,strong,171.382471
谢谢,謝謝,strong,250.443056
一共,一共,strong,120.914941
里,裡,strong,247.900045
好玩儿,好玩兒,strong,52.473674
夏天,夏天,strong,52.179143
潮湿,潮濕,strong,15.05089
春天,春天,strong,22.906778
秋天,秋天,strong,7.418369
面试,面試,strong,50.732501
闷热,悶熱,strong,20.594558
好久,好久,strong,146.912538
贵,貴,strong,198.873571
日记,日記,strong,41.64613
长短,長短,strong,139.674823
笑,笑,strong,135.28387
中,中,strong,138.295265
找钱,找錢,strong,173.089091
百,百,strong,170.724732
红,紅,strong,140.50935
如果…的话,如果…的話,strong,123.854675
它,它,strong,133.407079
黄,黃,strong,126.120947
凉快,涼快,strong,19.455923
放,放,strong,19.244822
阴天,陰天,strong,20.034666
晴天,晴天,strong,14.812241
饿,餓,strong,53.012047
碗,碗,strong,51.267903
渴,渴,strong,19.770392
服务员,服務員,strong,19.112421
风,風,strong,49.619529
毛,毛,strong,114.230057
信用卡,信用卡,strong,117.583852
挺,挺,strong,61.089513
换,換,strong,24.075376
种,種,strong,210.745363
跳舞,跳舞,strong,253.786824
工作,工作,strong,246.762355
唱歌儿,唱歌兒,strong,273.224142
写,寫,strong,268.718053
话,話,strong,152.386185
和,和,strong,283.133708
水果,水果,memorized,0.0
会,會,strong,260.042043
一边,一邊,weak,100.772872
睡,睡,strong,123.050711
面,麵,memorized,0.255233
九月,九月,strong,245.34437
俄文,俄文,strong,156.161799
平常,平常,strong,169.188437
酷,酷,weak,0.25
下棋,下棋,weak,17.740675
坐,坐,strong,270.836546
医院,醫院,strong,126.507656
十二,十二,memorized,0.0
没,沒,memorized,0.0
以后,以後,strong,188.449133
同学,同學,strong,283.7157
办公室,辦公室,strong,188.603644
加拿大,加拿大,strong,201.394072
上课,上課,strong,155.722045
跳,跳,strong,33.940769
一下,一下,strong,260.010789
吃,吃,strong,296.737309
什么,什麼,strong,283.953387
节,節,strong,134.058556
弟弟,弟弟,memorized,0.0
东西,東西,strong,254.971862
聊天,聊天,strong,266.100079
呀,呀,strong,260.913095
个,個,memorized,0.0
生日,生日,memorized,0.0
打球,打球,strong,256.346221
本,本,strong,244.25429
儿子,兒子,strong,228.082573
前面,前面,strong,266.508298
韩文,韓文,strong,132.43735
开会,開會,strong,259.842495
上网,上網,strong,163.358156
妈妈,媽媽,memorized,0.0
功课,功課,strong,149.600395
天气,天氣,memorized,0.0
一样,一樣,strong,25.071341
再,再,strong,206.773139
不过,不過,strong,16.588547
豆腐,豆腐,strong,19.295575
刚,剛,strong,20.733555
饺子,餃子,strong,19.130055
盐,鹽,strong,9.681854
酸,酸,strong,40.191926
好像,好像,strong,19.575752
点菜,點菜,strong,45.397203
够,夠,strong,9.089859
辣,辣,strong,19.568825
上菜,上菜,strong,49.138366
家常,家常,strong,46.864202
信,信,strong,118.378842
希望,希望,strong,159.249665
饭馆儿,飯館兒,strong,49.237407
冰,冰,strong,45.567917
时间,時間,strong,15.421319
拉丁文,拉丁文,strong,23.055999
盘,盤,strong,45.518111
位子,位子,strong,47.493946
白菜,白菜,strong,43.136676
服务,服務,strong,15.569553
汤,湯,weak,11.520563
素,素,strong,13.950954
空儿,空兒,strong,67.615711
些,些,strong,127.82213
味精,味精,strong,15.185344
好吃,好吃,strong,43.10895
说话,說話,strong,212.012567
完,完,strong,53.820117
青菜,青菜,weak,5.673265
极,極,strong,16.69329
半,半,strong,266.113305
新年,新年,strong,209.004379
大学,大學,memorized,0.247973
咖啡,咖啡,strong,209.070795
九,九,strong,86.69562
年纪,年紀,strong,40.908284
那儿,那兒,strong,119.255992
商人,商人,strong,145.494153
情人节,情人節,strong,124.153135
葡萄牙文,葡萄牙文,strong,155.961416
要是,要是,strong,154.932831
起床,起床,strong,148.363959
越南,越南,strong,60.363313
画画儿,畫畫兒,strong,76.230511
付,付,strong,3.67578
付钱,付錢,strong,22.079332
卡,卡,strong,176.196815
咖啡色,咖啡色,strong,176.871755
肉,肉,strong,43.752544
卖完,賣完,strong,40.099046
饭馆,飯館,strong,39.862964
酸辣汤,酸辣湯,strong,19.664767
带,帶,strong,9.51874
刷卡,刷卡,strong,109.684166
大小,大小,strong,109.035411
冰茶,冰茶,strong,43.908433
刻,刻,strong,53.263218
高兴,高興,strong,237.314935
牛肉,牛肉,strong,43.71831
电脑,電腦,strong,259.987086
清楚,清楚,strong,10.713869
牛,牛,strong,43.631074
师傅,師傅,strong,12.588072
醋,醋,weak,11.731231
甜,甜,strong,6.778299
忘,忘,strong,13.826019
双,雙,strong,201.11359
灰色,灰色,strong,131.575491
黑,黑,strong,128.913396
紫色,紫色,strong,18.944293
鞋,鞋,strong,39.305626
黄瓜,黃瓜,strong,15.616798
工商管理,工商管理,strong,62.077236
红烧,紅燒,strong,7.326065
鱼,魚,strong,38.509919
洋葱,洋蔥,strong,15.338522
糖醋鱼,糖醋魚,weak,1.35602
胡萝卜,胡蘿蔔,strong,38.175708
蛋,蛋,strong,22.170992
虾,蝦,strong,16.461767
猪肉,豬肉,strong,25.163975
远,遠,strong,26.598247
中间,中間,strong,35.855797
餐厅,餐廳,strong,165.970623
这儿,這兒,strong,137.101275
外套,外套,strong,67.050408
蓝色,藍色,weak,100.555077
帽子,帽子,strong,176.738977
上衣,上衣,strong,128.71512
大衣,大衣,strong,185.861071
羊肉,羊肉,strong,38.025086
橘红色,橘红色,strong,22.206793
裙子,裙子,strong,19.625282
最近,最近,strong,14.015724
粉红色,粉紅色,strong,61.476744
活动,活動,strong,16.16538
糖,糖,strong,37.905538
场,場,strong,38.58258
离,離,strong,40.715436
地方,地方,strong,41.730233
里边,裡邊,strong,10.912152
听说,聽說,strong,40.059
月,月,strong,52.502717
次,次,strong,40.88326
拿,拿,strong,40.086095
中国城,中國城,strong,38.416161
运动,運動,strong,26.242877
过,過,strong,39.871897
灯,燈,strong,40.919948
一直,一直,strong,32.221389
鸡,雞,strong,36.244428
旁边,旁邊,strong,35.595651
哎,哎,strong,3.326243
很,很,strong,267.60711
洗澡,洗澡,strong,161.98821
他,他,memorized,33.0
知道,知道,strong,164.049807
两,兩,memorized,0.0
第,第,strong,160.017605
也,也,memorized,0.260672
因为,因為,strong,168.508203
外国,外國,strong,173.428557
准备,準備,strong,204.78014
张,張,strong,158.329647
下午,下午,strong,196.286292
生词,生詞,strong,165.334774
二,二,memorized,32.0
杯子,杯子,strong,258.239277
上午,上午,strong,294.490173
法国,法國,strong,221.373255
小姐,小姐,strong,271.877711
是,是,strong,249.09734
父亲节,父親節,strong,11.507674
茶,茶,strong,214.206365
哪里,哪裡,strong,152.450409
号,號,strong,261.525899
练习,練習,strong,198.683214
学,學,strong,151.679833
慢,慢,strong,254.475464
后来,後來,strong,117.945322
买,買,strong,111.081352
美国,美國,strong,205.901915
岁,歲,strong,269.921411
算了,算了,strong,163.746429
祝,祝,strong,83.961824
经济,經濟,strong,6.999021
历史,歷史,strong,52.595506
音乐会,音樂會,strong,137.10542
物理,物理,weak,12.098214
化学,化學,strong,20.719135
得,得,strong,157.620439
早上,早上,strong,126.367712
除了…以外,除了…以外,strong,201.044957
数学,數學,strong,130.678238
以前,以前,strong,68.429204
舞,舞,strong,30.640779
亚洲研究,亞洲研究,strong,4.222729
书店,書店,strong,39.328301
样子,樣子,strong,7.038533
绿色,綠色,strong,23.483814
人,人,memorized,32.0
往,往,strong,18.75065
中心,中心,strong,42.332525
累,累,strong,151.350883
意思,意思,strong,264.823488
来,來,strong,281.055037
虽然,雖然,weak,3.343109
墨西哥,墨西哥,strong,62.372876
上个,上個,strong,89.585851
袜子,襪子,strong,66.762884
收,收,weak,12.125934
公共汽车,公共汽車,strong,100.026283
西装,西裝,strong,34.840178
送,送,strong,83.471078
走,走,strong,167.801934
T恤衫,T恤衫,strong,91.839261
机场,機場,strong,99.850204
毛衣,毛衣,strong,100.296283
夹克,夾克,strong,18.079051
票,票,strong,107.156596
先,先,strong,104.931308
或者,或者,strong,102.50004
站,站,strong,164.089795
最后,最後,strong,112.825531
地铁,地鐵,strong,106.534036
绿,綠,strong,84.590858
然后,然後,strong,55.675061
汽车,汽車,strong,104.847854
菜,菜,strong,274.243768
租,租,weak,7.296628
下车,下車,strong,105.023018
蓝,藍,strong,104.864011
线,線,strong,84.901192
机,機,strong,104.816205
打车,打車,strong,106.131845
午饭,午飯,strong,110.907809
事情,事情,strong,182.872674
吗,嗎,memorized,0.0
手机,手機,strong,116.532442
特别,特別,strong,59.299067
城市,城市,strong,33.548178
快乐,快樂,strong,163.71878
麻烦,麻煩,strong,98.354831
每,每,strong,169.89074
开车,開車,strong,168.283738
飞机场,飛機場,strong,161.312466
自己,自己,strong,15.300873
电子邮件,電子郵件,strong,91.240176
高速公路,高速公路,strong,96.207831
紧张,緊張,strong,83.641681
发短信,發短信,weak,55.499976
公路,公路,strong,112.577053
路,路,strong,171.083761
不好意思,不好意思,weak,17.103393
花,花,strong,106.752146
早饭,早飯,strong,130.494241
出租汽车,出租汽車,strong,104.522143
寒假,寒假,strong,92.440329
周末,週末,strong,29.26864
坐计程车,坐計程車,strong,18.19841
走路,走路,strong,93.339775
高速,高速,strong,27.311152
骑自行车,騎自行車,strong,120.529822
坐火车,坐火車,strong,149.886533
坐电车,坐電車,strong,95.985655
坐船,坐船,strong,95.345052
刚才,剛才,strong,28.20438
不但…而且,不但…而且,weak,7.17562
滑冰,滑冰,strong,84.482335
下雪,下雪,strong,89.680012
比,比,strong,104.6763
预报,預報,weak,1.308307
暖和,暖和,strong,7.493473
纸,紙,strong,34.529741
碟,碟,strong,19.249631
约,約,strong,85.746671
出去,出去,strong,103.884266
糟糕,糟糕,strong,73.309788
舒服,舒服,strong,6.686161
又,又,strong,45.607809
非常,非常,strong,154.302341
网上,網上,strong,96.063168
办,辦,strong,67.461789
冬天,冬天,strong,169.14641
回去,回去,strong,99.661724
骑摩托车,騎摩托車,strong,18.794309
新,新,strong,137.135285
穿,穿,strong,129.900984
为什么,為什麼,memorized,0.0
学校,學校,strong,253.214079
太…了,太…了,strong,244.597122
空,空,strong,187.917902
懂,懂,strong,192.195221
的,的,memorized,0.0
书,書,strong,266.651215
逛街,逛街,strong,20.555478
才,才,strong,267.844056
事儿,事兒,strong,211.137085
电影,電影,strong,311.668487
可以,可以,strong,244.131104
喂,喂,weak,62.150991
母亲节,母親節,strong,146.491971
还,還,strong,190.359661
男,男,memorized,0.0
没有,沒有,memorized,0.0
但是,但是,strong,206.144938
了,了,strong,282.213008
不,不,memorized,31.0
日本,日本,strong,218.936579
昨天,昨天,strong,31.617998
要,要,memorized,0.0
吧,吧,strong,209.31791
读,讀,strong,16.67535
唱歌,唱歌,strong,197.794653
文,文,memorized,0.254097
见,見,memorized,0.0
音乐,音樂,strong,208.621328
想,想,strong,276.426589
别的,別的,strong,247.976022
出租车,出租車,strong,133.331873
喝,喝,strong,199.575479
图书馆,圖書館,strong,264.837395
我们,我們,strong,247.647347
觉,覺,strong,9.87815
晚上,晚上,strong,258.817979
英国,英國,strong,206.596661
饭卡,飯卡,strong,41.228704
凉拌,涼拌,strong,15.354413
天,天,memorized,0.0
公园,公園,strong,157.522709
分钟,分鐘,strong,299.20519
北京,北京,strong,284.163332
商店,商店,strong,205.847071
行,行,strong,204.057034
下个,下個,strong,189.297268
常常,常常,strong,177.069924
真,真,strong,209.846344
帮,幫,strong,267.850137
上,上,memorized,0.0
错,錯,strong,249.877504
韩国,韓國,strong,234.701059
跟,跟,strong,32.195363
现在,現在,strong,80.054791
家,家,strong,251.347099
汉语,漢語,strong,269.142764
给,給,strong,260.22698
口,口,memorized,0.0
只,只,strong,201.06108
没关系,沒關係,strong,262.470548
更,更,strong,66.094491
后面,後面,strong,265.732444
德文,德文,strong,257.25761
百事可乐,百事可樂,strong,79.336469
问,問,strong,145.115061
块,塊,strong,138.498092
难,難,strong,65.350413
一起,一起,strong,163.483203
介绍,介紹,strong,203.813856
地图,地圖,strong,39.719515
说,說,strong,79.844608
学习,學習,strong,267.684562
刷,刷,strong,84.754718
帅,帥,strong,4.333868
近,近,strong,187.689949
告诉,告訴,strong,81.863618
印度,印度,strong,184.091253
那,那,strong,80.202822
明天,明天,strong,264.504713
学生,學生,strong,254.093549
飞机,飛機,strong,299.396775
让,讓,strong,165.36909
床,床,strong,78.476497
电视,電視,strong,317.438103
车,車,strong,165.526977
有的,有的,strong,28.530299
还是,還是,strong,267.015919
星期,星期,strong,262.377213
这,這,strong,245.869567
你,你,memorized,0.0
看,看,strong,268.680053
别,別,strong,13.235561
名字,名字,strong,293.362122
多少,多少,strong,286.160256
客气,客氣,strong,18.525054
十,十,strong,267.980563
都,都,strong,236.914438
水,水,strong,256.45346
法文,法文,strong,74.108102
在,在,memorized,0.0
对,對,strong,271.602631
八,八,memorized,0.0
预习,預習,strong,82.336802
杯,杯,strong,152.91978
下雨,下雨,strong,286.658303
考,考,strong,261.390039
十八,十八,memorized,0.0
今年,今年,memorized,0.0
回家,回家,strong,264.423086
谁,誰,strong,76.756957
看见,看見,strong,253.238404
工人,工人,strong,260.099528
路口,路口,weak,7.032616
红绿灯,紅綠燈,strong,11.18562
时候,時候,strong,262.636896
前,前,weak,7.075574
城,城,weak,6.883682
拐,拐,strong,7.256118
北,北,weak,6.946081
右,右,weak,7.18134
左,左,strong,6.873513
瓶,瓶,strong,141.128537
妹妹,妹妹,memorized,0.0
所以,所以,strong,54.410997
矿泉水,礦泉水,strong,56.805787
聊天儿,聊天兒,strong,186.908805
汽水,汽水,strong,245.759638
快,快,strong,81.356405
哥哥,哥哥,memorized,0.0
得,得,memorized,0.0
太,太,strong,269.616537
有,有,strong,249.796119
生,生,memorized,0.0
日,日,memorized,0.0
问题,問題,strong,180.053482
意大利文,意大利文,strong,200.569513
进来,進來,strong,250.760505
点儿,點兒,memorized,0.0
您,您,memorized,0.0
饭,飯,memorized,0.0
玩游戏机,玩遊戲機,strong,150.290204
玩,玩,strong,261.707063
东,東,strong,7.045901
东京,東京,strong,6.888795
从,從,strong,7.211318
南,南,strong,6.965974
过,過,strong,7.75779
西,西,strong,6.832134
单行道,單行道,weak,0.25
斑马线,斑馬線,strong,7.535725
地下通道,地下通道,strong,8.059196
地下道,地下道,strong,6.91161
宫保鸡丁,宮保雞丁,strong,7.554579
天桥,天橋,weak,0.817471
麻婆豆腐,麻婆豆腐,strong,7.66171
礼物,禮物,strong,3.757541
炒面,炒麵,strong,3.673171
西瓜,西瓜,strong,7.499987
楼,樓,weak,0.781499
把,把,strong,7.81117
舞会,舞會,strong,7.567485
重,重,strong,7.99768
接,接,strong,7.563117
中学,中學,strong,7.573077
梨,梨,strong,7.29132
表姐,表姐,strong,7.470057
找,找,strong,190.994577
蛋花汤,蛋花湯,strong,8.017346
饮料,飲料,strong,3.907334
眼睛,眼睛,weak,3.050828
去年,去年,strong,6.933474
最,最,strong,7.171305
嘴,嘴,weak,0.747395
鼻子,鼻子,weak,3.143352
可爱,可愛,weak,3.065791
脸,臉,weak,3.049241
聪明,聰明,strong,3.722148
英文,英文,strong,137.335868
长,長,strong,3.630352
钟头,鐘頭,strong,3.706793
一定,一定,weak,1.688233
用功,用功,weak,1.783155
蛋糕,蛋糕,strong,3.710671
以为,以為,weak,0.445938
圆,圓,strong,4.110446
暑期,暑期,weak,1.80013
像,像,strong,3.95146
属,屬,weak,0.25
班,班,strong,3.696933
长大,長大,weak,0.25
汤姆,湯姆,strong,3.022626
海伦,海倫,blocked,0.25
草莓,草莓,weak,1.653778
香蕉,香蕉,weak,0.25
葡萄,葡萄,weak,1.723383
橘子,橘子,weak,0.253331
饼干,餅乾,weak,0.252353
糖果,糖果,weak,0.25
零食,零食,weak,0.241433
气球,氣球,weak,0.240038
蛇,蛇,weak,0.25
卡片,卡片,weak,0.25
桃儿,桃兒,weak,0.25
怎么样,怎麼樣,strong,267.717206
觉得,覺得,strong,249.383229
考试,考試,strong,30.481461
歌,歌,strong,275.925968
上海,上海,strong,16.629391
请,請,strong,253.893027
感恩节,感恩節,strong,140.225363
姐姐,姐姐,memorized,0.0
下,下,memorized,0.0
到,到,strong,190.897083
可是,可是,strong,32.954803
等,等,strong,208.792111
上班,上班,strong,189.596127
经理,經理,strong,146.7208
就,就,strong,272.904304
见面,見面,strong,245.519257
不客气,不客氣,strong,293.269485
开,開,strong,310.087522
别人,別人,strong,190.992878
七,七,strong,284.040573
爸爸,爸爸,strong,268.604616
回来,回來,strong,205.365393
再见,再見,strong,82.992142
冷,冷,strong,81.27448
先生,先生,strong,130.596694
纽约,紐約,strong,35.569547
字,字,strong,19.494927
姓,姓,strong,18.981108
年,年,strong,268.901222
中午,中午,strong,278.152033
老师,老師,strong,256.721757
六,六,memorized,0.0
哪儿,哪兒,strong,286.526611
影,影,strong,127.203237
果汁,果汁,strong,203.645691
睡觉,睡覺,strong,259.745033
打电话,打電話,strong,243.96494
她,她,strong,257.292202
女儿,女兒,strong,256.916738
试,試,strong,79.144299
大哥,大哥,strong,87.875173
狗,狗,strong,251.633533
大姐,大姐,strong,262.605523
加州,加州,strong,56.115833
医生,醫生,strong,250.092504
律师,律師,strong,58.803282
久,久,strong,202.218922
晚饭,晚飯,strong,255.256577
大,大,memorized,41.0
位,位,strong,198.500617
猫,貓,strong,18.692053
可口可乐,可口可樂,strong,197.220094
请客,請客,strong,15.985474
事,事,strong,201.576204
视,視,strong,148.021616
好,好,strong,273.562801
朋友,朋友,strong,262.29336
漂亮,漂亮,strong,253.00014
汽水儿,汽水兒,strong,186.818243
照片,照片,strong,51.792354
不错,不錯,strong,254.251991
忙,忙,strong,204.431872
一点儿,一點兒,strong,289.180209
军人,軍人,weak,0.25
希腊文,希臘文,strong,85.418258
米饭,米飯,strong,260.947226
少,少,strong,272.648927
大学生,大學生,memorized,0.0
叫,叫,strong,280.289847
二姐,二姐,memorized,7.007383
中文,中文,memorized,0.0
